{
    "Area": [{
            "InternalId": "87b7462c-4927-4c8c-98cc-74b7d4f4a3dd",
            "Name": "JSON Area 1"
        },
        {
            "InternalId": "60e23e9a-6844-4273-85da-8fb115a7bdc2",
            "Name": "JSON Area 1"
        },
        {
            "InternalId": "31a820f5-cf0b-4630-bcd9-33e9eb8ed47d",
            "Name": "JSON Area 3"
        }
    ],

    "Topic": [{
            "InternalId": "3448746a-04f1-4625-998d-eabaf1cc6711",
            "AreaId": "87b7462c-4927-4c8c-98cc-74b7d4f4a3dd",
            "Name": "JSON Topic 1"
        },
        {
            "InternalId": "88dc14a8-6c8f-40c5-b4d4-ab65db5b557f",
            "AreaId": "87b7462c-4927-4c8c-98cc-74b7d4f4a3dd",
            "Name": "JSON Topic 2"
        }
    ],

    "Type": [{
            "InternalId": "bef829b2-04ac-488b-9698-bf8a6ad252dd",
            "TopicId": "88dc14a8-6c8f-40c5-b4d4-ab65db5b557f",
            "Name": "JSON Type 1"
        },
        {
            "InternalId": "c0f9c00e-4626-4aaf-b68b-e6d6b31cbb5a",
            "TopicId": "88dc14a8-6c8f-40c5-b4d4-ab65db5b557f",
            "Name": "JSON Type 1"
        }
    ]
}
